{"cameraMode":{"drawMode":0,"name":"Shaded","section":"Shading Mode"},"sceneLighting":true,"audioPlay":false,"sceneViewState":{"m_AlwaysRefresh":false,"showFog":true,"showSkybox":true,"showFlares":true,"showImageEffects":true,"showParticleSystems":true,"showVisualEffectGraphs":true,"m_FxEnabled":true},"in2DMode":false,"pivot":{"x":-2.2944722175598146,"y":6.289546489715576,"z":3.0710320472717287},"rotation":{"x":0.2274971604347229,"y":0.24039462208747865,"z":-0.058065593242645267,"w":0.9418624043464661},"size":25.549909591674806,"orthographic":false}